<?xml version="1.0"?>
<configuration>
	<appender name="diagnosticAppender"
		class="ch.qos.logback.classic.sift.SiftingAppender">
		<discriminator>
			<key>logPath</key>
			<defaultValue>detail</defaultValue>
		</discriminator>
		<sift>
			<appender name="DETAIL"
				class="ch.qos.logback.core.FileAppender">
				<file>./logs/app-onboarding.log</file>
				<append>false</append>
				<encoder
					class="ch.qos.logback.classic.encoder.PatternLayoutEncoder">
					<Pattern>%date{E MMM dd yyyy HH:mm:ss aaa z} [%thread] %-5level
						%logger{36} - %msg%n</Pattern>
				</encoder>
				<rollingPolicy
					class="ch.qos.logback.core.rolling.FixedWindowRollingPolicy">
					<!-- maximum 10 files of size 10MB will be archived -->
					<fileNamePattern>./logs/archived/iap_app_onboarding_tool.%d{yyyy-MM-dd}.%i.log
					</fileNamePattern>
					<minIndex>1</minIndex>
					<maxIndex>10</maxIndex>
				</rollingPolicy>
				<triggeringPolicy
					class="ch.qos.logback.core.rolling.SizeBasedTriggeringPolicy">
					<maxFileSize>10MB</maxFileSize>
				</triggeringPolicy>
			</appender>
		</sift>
	</appender>
	<appender name="CONSOLE"
		class="ch.qos.logback.core.ConsoleAppender">
		<encoder
			class="ch.qos.logback.classic.encoder.PatternLayoutEncoder">
			<Pattern>%date{E MMM dd yyyy HH:mm:ss aaa z} [%thread] %-5level
				%logger{36} - %msg%n</Pattern>
		</encoder>
	</appender>

	<!-- additivity=false ensures analytics data only goes to the analytics 
		log -->

	<logger name="com.confluxsys.iap.app.onboarding.tool"
		level="DEBUG" additivity="false">
		<!-- <appender-ref ref="CONSOLE" /> -->
		<appender-ref ref="diagnosticAppender" />
	</logger>
	<logger
		name="com.confluxsys.iap.tools.app.onboarding.introspect.util.SparkUtil"
		additivity="false">
		<!-- <appender-ref ref="CONSOLE" /> -->
		<appender-ref ref="diagnosticAppender" />
	</logger>
	<logger
		name="com.confluxsys.iap.tools.app.onboarding.introspect.impl"
		additivity="false">
		<!-- <appender-ref ref="CONSOLE" /> -->
		<appender-ref ref="diagnosticAppender" />
	</logger>
	<logger name="com.confluxsys.iap.app.onboarding.tool.cli"
		additivity="false">
		<!-- <appender-ref ref="CONSOLE" /> -->
		<appender-ref ref="diagnosticAppender" />
	</logger>
</configuration>