{
	"info": {
		"_postman_id": "e11089d0-53a9-43a0-9a1f-ddf7c6411857",
		"name": "SpringBoot-CurdOp-local",
		"schema": "https://schema.getpostman.com/json/collection/v2.1.0/collection.json"
	},
	"item": [
		{
			"name": "GET Products",
			"request": {
				"method": "GET",
				"header": [],
				"url": {
					"raw": "localhost:8080/products/",
					"host": [
						"localhost"
					],
					"port": "8080",
					"path": [
						"products",
						""
					]
				}
			},
			"response": []
		},
		{
			"name": "POST Create Product",
			"request": {
				"method": "POST",
				"header": [],
				"body": {
					"mode": "raw",
					"raw": "{\r\n    \"id\": 3,\r\n    \"name\" : \"rice\",\r\n    \"cost\" : 34.5\r\n}",
					"options": {
						"raw": {
							"language": "json"
						}
					}
				},
				"url": {
					"raw": "localhost:8080/products/",
					"host": [
						"localhost"
					],
					"port": "8080",
					"path": [
						"products",
						""
					]
				}
			},
			"response": []
		},
		{
			"name": "PUT Update Product",
			"request": {
				"method": "PUT",
				"header": [],
				"body": {
					"mode": "raw",
					"raw": "{\r\n    \"name\" : \"rice\",\r\n    \"cost\" : 34.5\r\n}",
					"options": {
						"raw": {
							"language": "json"
						}
					}
				},
				"url": {
					"raw": "localhost:8080/products/3",
					"host": [
						"localhost"
					],
					"port": "8080",
					"path": [
						"products",
						"3"
					]
				}
			},
			"response": []
		},
		{
			"name": "DELETE Products",
			"request": {
				"method": "DELETE",
				"header": [],
				"url": {
					"raw": "localhost:8080/products/2",
					"host": [
						"localhost"
					],
					"port": "8080",
					"path": [
						"products",
						"2"
					]
				}
			},
			"response": []
		}
	]
}