<assembly
	xmlns="http://maven.apache.org/plugins/maven-assembly-plugin/assembly/1.1.2"
	xmlns:xsi="http://www.w3.org/2001/XMLSchema-instance"
	xsi:schemaLocation="http://maven.apache.org/plugins/maven-assembly-plugin/assembly/1.1.2 http://maven.apache.org/xsd/assembly-1.1.2.xsd">
	<id>9.1.0</id>
	<baseDirectory>../</baseDirectory>
	<formats>
		<format>tar.gz</format>
		<format>dir</format>
	</formats>
	<fileSets>
		<fileSet>
			<outputDirectory>iap-app-onboarding-tool/lib</outputDirectory>
			<directory>target</directory>
			<includes>
				<include>iap-app-onboarding-tool-jar-with-dependencies.jar</include>
			</includes>
		</fileSet>
		<fileSet>
			<outputDirectory>iap-app-onboarding-tool/conf</outputDirectory>
			<directory>src/main/resources/home/conf</directory>
			<includes>
				<include>logback.xml</include>
				<include>app-onboarding.properties</include>
			</includes>
		</fileSet>
		<fileSet>
			<outputDirectory>iap-app-onboarding-tool/</outputDirectory>
			<directory>src/main/resources/home/run</directory>
			<includes>
				<include>app-onboarding.sh</include>
			</includes>
			
		</fileSet>
		<fileSet>
			<outputDirectory>iap-app-onboarding-tool</outputDirectory>
			<directory>src/main/resources</directory>
			<includes>
				<include>README.txt</include>
			</includes>
			
		</fileSet>
		
	</fileSets>
</assembly>